Title,Date,Category
Update #6.5 Now Live!,2023-06-23 18:05:14,Update
Update #6 Now Live!,2022-12-24 03:35:40,Update
Update #5.5: Night Vision now released!,2022-08-22 21:14:40,Update
Update #5 Now Released!,2022-07-14 01:56:29,Update
Update #4 Now Released!,2021-12-16 09:34:19,Update
Update #3.5: Juvenile Pouncing & Interactive Water,2021-05-29 06:41:38,Update
Roadmap Update,2021-05-08 03:32:29,Update
Frequent Updates + Legacy Branch,2018-01-20 00:14:33,Update
Happy Anniversary! Update,2017-11-29 21:12:47,Update
"Status Update, Fixes & Legacy Branch.",2017-10-29 10:55:44,Update
Family Sharing Update,2017-09-22 08:27:42,Update
December Update,2016-12-08 01:41:59,Update
October Development Update Stream,2016-10-04 00:28:26,Update
September Development Update,2016-09-03 01:33:44,Update
August Development Update,2016-07-31 23:14:06,Update
Summer Development Update,2016-06-28 21:30:38,Update
Changes to Updates and Testing,2016-04-27 16:32:23,Update
Patch 0.14.28.61 now available!,2024-05-03 05:41:31,Patch
Patch 0.13.42.18,2024-02-19 23:02:22,Patch
Patch 0.13.26.10 is now available,2024-01-23 17:06:31,Patch
Patch 0.13.18.17,2023-12-20 01:58:50,Patch
Patch 0.12.51.02 Now Released!,2023-11-14 21:26:50,Patch
Patch 0.11.57.02,2023-09-04 20:15:06,Patch
Patch 0.11.54.12,2023-07-21 21:14:55,Patch
Patch 0.9.91.06: Night Vision changes,2022-09-13 03:08:23,Patch
EVRIMA Patch 0.8.77.141,2022-03-05 03:32:16,Patch
EVRIMA Patch 0.8.75.134,2022-03-03 21:12:15,Patch
EVRIMA Patch 0.7.111.31,2021-08-12 04:16:00,Patch
EVRIMA Patch 0.7.109.09,2021-06-03 04:21:20,Patch
EVRIMA Patch 0.7.92.02,2021-05-06 05:51:25,Patch
EVRIMA Patch 0.7.91.13,2021-05-06 00:03:52,Patch
EVRIMA Patch 0.6.48.29,2021-01-28 05:31:33,Patch
EVRIMA Patch 0.6.30.37,2020-12-19 08:42:21,Patch
EVRIMA Patch 0.6.22.12,2020-12-08 07:44:19,Patch
EVRIMA Patch 0.6.20.29,2020-12-05 07:57:16,Patch
EVRIMA Patch 0.6.15.19,2020-12-01 09:47:41,Patch
EVRIMA Patch 0.6.15.18,2020-12-01 04:06:53,Patch
EVRIMA Patch 0.5.19.28,2020-10-03 22:35:00,Patch
EVRIMA Patch 0.5.12.08,2020-09-26 15:13:11,Patch
Evrima Patch 0.4.14.07,2020-08-15 03:51:08,Patch
EVRIMA Patch 0.4.7.05,2020-07-17 03:03:24,Patch
EVRIMA Patch 0.4.3.13,2020-06-25 04:26:40,Patch
Patch 0.1.53.3,2019-04-11 20:48:05,Patch
Patch ID: 0.1.34.1,2018-02-26 14:10:44,Patch
Patch ID: 0.1.34.0,2018-02-20 09:27:51,Patch
Patch 0.1.33.5576,2018-01-29 17:43:42,Patch
Patch 0.1.33.5567,2018-01-29 13:06:27,Patch
Patch 0.1.33.5564,2018-01-29 12:07:03,Patch
Patch 0.1.33.5561,2018-01-26 13:59:59,Patch
Patch 0.1.33.5512,2018-01-25 11:57:13,Patch
Patch 0.1.33.5484,2018-01-24 09:52:20,Patch
Patch 0.1.33.5475,2018-01-24 02:59:56,Patch
Patch 0.1.33.5455,2018-01-23 07:16:24,Patch
Patch 0.1.33.5452,2018-01-23 06:32:12,Patch
Patch 0.1.33.5450,2018-01-23 03:03:19,Patch
Patch 0.1.33.5446,2018-01-21 20:34:23,Patch
Patch 0.1.33.5408,2018-01-21 05:07:22,Patch
Patch 0.1.33.5404,2018-01-21 00:11:06,Patch
Patch 0.1.33.5396,2018-01-20 04:22:20,Patch
Patch 0.1.33.5391,2018-01-20 00:00:36,Patch
Patch 0.1.33.5388,2018-01-19 19:48:03,Patch
Patch 0.1.33.5379,2018-01-19 17:44:32,Patch
Patch 0.1.33.5377,2018-01-19 16:58:00,Patch
Patch 0.1.33.5374,2018-01-19 08:18:46,Patch
Patch 0.1.33.5364,2018-01-19 02:38:02,Patch
Patch 0.1.33.5360,2018-01-19 00:13:12,Patch
Patch 0.1.33.5358,2018-01-18 21:04:25,Patch
Patch 0.1.33.5353,2018-01-18 18:31:40,Patch
Patch 0.1.33.5352,2018-01-18 10:57:31,Patch
Patch 0.1.33.5347,2018-01-18 09:15:31,Patch
Patch 0.1.33.5344,2018-01-18 05:29:57,Patch
Patch 0.1.33.5343,2018-01-18 04:14:30,Patch
Patch 0.1.33.5340,2018-01-16 22:18:34,Patch
Patch 0.1.33.5296,2018-01-14 14:45:38,Patch
Patch 0.1.33.5272,2018-01-13 12:58:05,Patch
Patch 0.1.33.5269,2018-01-12 20:38:55,Patch
Patch 0.1.33.5257,2018-01-10 08:26:00,Patch
Patch 0.1.33.5225,2018-01-08 03:17:16,Patch
Patch 0.1.33.5221,2018-01-07 10:42:50,Patch
Patch 0.1.33.5211,2018-01-07 03:39:11,Patch
Patch 0.1.33.5206,2018-01-06 09:40:10,Patch
Patch 0.1.33.5196,2018-01-05 08:16:44,Patch
Patch 0.1.33.5189,2018-01-05 05:04:09,Patch
Patch 0.1.33.5174,2018-01-04 07:59:09,Patch
Patch 0.1.33.5165,2018-01-01 09:14:25,Patch
Patch 0.1.33.5126,2017-12-31 05:09:44,Patch
Patch 0.1.33.5112,2017-12-29 03:48:47,Patch
Patch 0.1.31.5107,2017-12-25 16:18:45,Patch
Patch 0.1.31.5099,2017-12-25 14:18:15,Patch
Patch 0.1.30.5088,2017-12-24 22:09:29,Patch
Patch 0.1.30.5077,2017-12-23 18:00:53,Patch
Patch 0.1.30.5073,2017-12-21 00:40:47,Patch
Patch 0.1.30.5024,2017-12-18 03:48:48,Patch
Patch 0.1.30.4931,2017-12-14 06:48:30,Patch
Patch 0.1.30.4896,2017-12-12 06:24:17,Patch
Patch 0.1.30.4873,2017-12-10 18:14:36,Patch
Patch 0.1.30.4866,2017-12-09 20:43:34,Patch
Patch 0.1.29.4861,2017-12-08 16:07:57,Patch
Nightly Patches + Fast Development,2017-12-08 15:22:57,Patch
Patch 0.1.29.4792,2017-11-20 03:16:01,Patch
Patch 0.1.29.4788,2017-11-19 22:27:43,Patch
Patch 0.1.29.4782,2017-11-18 20:25:54,Patch
Patch 0.1.29.4773,2017-11-17 20:28:32,Patch
Patch 0.1.29.4765,2017-11-15 13:09:17,Patch
Patch 0.1.29.4760,2017-11-15 06:24:59,Patch
Patch 0.1.29.4758,2017-11-14 06:08:56,Patch
Patch 0.1.29.4753,2017-11-13 08:34:45,Patch
Patch 0.1.28.4670,2017-11-03 17:11:43,Patch
Patch 0.1.28.4653,2017-11-02 15:15:45,Patch
Patch 0.1.28.4649,2017-10-29 11:54:11,Patch
Patch 0.1.28.4639,2017-10-29 04:19:16,Patch
Patch 0.1.28.4636,2017-10-27 04:26:43,Patch
Patch 0.1.27.4626,2017-10-25 11:11:20,Patch
Patch 0.1.27.4612,2017-10-23 21:15:55,Patch
Patch 0.1.27.4593,2017-10-22 05:29:23,Patch
Patch 0.1.27.4578,2017-10-18 21:06:20,Patch
Patch 0.1.27.4574,2017-10-17 17:29:30,Patch
Patch 0.1.25.4560,2017-10-16 10:38:04,Patch
Patch 0.1.25.4530,2017-10-12 13:36:19,Patch
Patch 0.1.24.4495,2017-10-07 05:04:22,Patch
Patch 0.1.23.4472,2017-09-29 03:07:38,Patch
Patch 0.1.23.4464,2017-09-28 21:59:03,Patch
Patch 0.1.23.4456,2017-09-26 14:59:07,Patch
Patch 0.1.23.4452,2017-09-25 18:45:44,Patch
Patch 0.1.22.4429,2017-09-23 06:49:24,Patch
Patch 0.1.19.4409,2017-09-22 13:23:02,Patch
Patch 0.1.19.4407,2017-09-20 16:17:45,Patch
Patch 0.1.19.4392,2017-09-20 09:47:50,Patch
Patch 0.1.18.4373,2017-09-11 11:41:51,Patch
Patch 0.1.17.4360,2017-08-31 22:41:03,Patch
Patch 0.1.16.4262,2017-08-23 07:46:16,Patch
Patch 0.1.16.4243,2017-08-20 03:57:25,Patch
Patch 0.1.16.4233,2017-08-18 07:21:41,Patch
Patch 0.1.16.4225,2017-08-18 01:14:13,Patch
Patch 0.1.16.4211,2017-08-14 17:10:40,Patch
Patch 0.1.16.4199,2017-08-12 08:32:15,Patch
Patch 0.1.16.4181,2017-08-09 06:25:19,Patch
Patch 0.1.16.4160,2017-08-05 08:49:16,Patch
Patch 0.1.15.4141,2017-08-04 22:48:32,Patch
Patch 0.1.15.4132,2017-07-31 19:16:45,Patch
Patch 0.1.15.4111,2017-07-29 11:31:00,Patch
Patch 0.1.15.4095,2017-07-28 17:52:33,Patch
Patch 0.1.15.4078,2017-07-26 12:52:58,Patch
Patch 0.1.15.4061,2017-07-20 12:46:35,Patch
Patch 0.1.15.4017,2017-07-20 09:53:21,Patch
Patch 0.1.15.4005,2017-07-15 14:06:31,Patch
Patch 0.1.15.3980,2017-07-12 06:03:30,Patch
Patch 0.1.15.3958,2017-07-07 16:59:08,Patch
Patch 0.1.15.3938,2017-07-05 11:36:31,Patch
Patch 0.1.15.3932,2017-07-02 23:19:40,Patch
Patch 0.1.15.3886,2017-06-30 07:51:41,Patch
Patch 0.1.15.3877,2017-06-29 06:24:29,Patch
Patch 0.1.15.3871,2017-06-24 12:48:56,Patch
Patch 0.1.14.3809,2017-06-16 07:54:42,Patch
Patch 0.1.14.3789,2017-06-10 22:39:29,Patch
Patch 0.1.14.3765,2017-06-10 00:24:20,Patch
Patch 0.1.14.3755,2017-06-04 15:45:49,Patch
Patch 0.1.14.3697,2017-05-15 03:40:29,Patch
Patch 0.1.14.3674,2017-05-06 23:11:40,Patch
Patch 0.1.14.3662,2017-05-06 13:56:17,Patch
Patch 0.1.14.3636,2017-05-01 10:46:33,Patch
Patch 0.1.14.3624,2017-05-01 02:45:50,Patch
Patch 0.1.14.3613,2017-04-28 07:51:19,Patch
Patch 0.1.14.3594,2017-04-28 04:05:19,Patch
Patch 0.1.14.3591,2017-04-27 07:37:14,Patch
Patch 0.1.13.3435,2017-04-07 09:20:23,Patch
Patch 0.1.13.3407,2017-03-29 17:28:24,Patch
Patch 0.1.12.3360,2017-03-21 21:49:42,Patch
Patch 0.1.12.3348,2017-03-13 06:25:40,Patch
Patch 0.1.11.3280,2017-03-10 06:19:09,Patch
Patch 0.1.11.3268,2017-03-07 01:43:12,Patch
Patch 0.1.11.3218,2017-02-06 08:25:31,Patch
Patch 0.1.11.3189,2017-01-31 13:33:32,Patch
Patch 0.1.11.3176,2017-01-25 13:57:23,Patch
Patch 0.1.11.3150,2017-01-10 12:11:15,Patch
Patch 0.1.11.3133,2017-01-08 19:25:26,Patch
Patch 0.1.11.3122,2016-12-29 14:37:10,Patch
Patch 0.1.11.3090,2016-12-22 12:31:23,Patch
Patch 0.1.11.3067,2016-12-12 21:36:27,Patch
Patch 0.1.11.2975,2016-12-07 10:04:31,Patch
Patch 0.1.11.2967,2016-12-04 07:28:39,Patch
Patch 0.1.11.2952 (Dev Branch),2016-12-02 04:02:12,Patch
Patch 0.1.11.2945,2016-11-30 04:36:24,Patch
Patch 0.1.11.2931,2016-11-25 18:08:33,Patch
Patch 0.1.11.2919,2016-11-21 09:03:28,Patch
Patch 0.1.11.2906,2016-11-17 12:34:23,Patch
Patch 0.1.11.2865,2016-11-13 08:15:21,Patch
Patch 0.1.11.2835,2016-11-08 18:05:59,Patch
Patch 0.1.11.2794,2016-11-07 17:55:34,Patch
Patch 0.1.11.2792 (Dev Branch),2016-11-05 20:14:45,Patch
Patch 0.1.11.2737,2016-11-03 13:00:45,Patch
Patch 0.1.11.2717,2016-10-30 17:37:34,Patch
Patch 0.1.11.2712,2016-10-30 16:42:22,Patch
Patch 0.1.11.2688 (Dev Branch),2016-10-22 06:38:18,Patch
Patch 0.1.10.2634 (Dev Branch),2016-10-16 13:47:49,Patch
Patch 0.1.10.2616,2016-10-15 15:47:53,Patch
Patch 0.1.10.2595,2016-10-05 21:13:38,Patch
Patch 0.1.10.2544,2016-10-03 04:18:06,Patch
Patch 0.1.10.2540 (Dev Branch),2016-10-02 16:13:21,Patch
Patch 0.1.10.2531,2016-09-28 21:49:46,Patch
Patch 0.1.10.2497,2016-09-26 06:23:15,Patch
Patch 0.1.10.2488 (Dev Branch),2016-09-24 13:39:57,Patch
Patch 0.1.10.2483 (Dev Branch),2016-09-23 03:35:16,Patch
Patch 0.1.10.2459,2016-09-17 18:43:46,Patch
Patch 0.1.10.2452,2016-09-16 21:54:17,Patch
Patch 0.1.10.2445,2016-09-15 11:09:31,Patch
Patch 0.1.10.2438,2016-09-13 20:42:47,Patch
Patch 0.1.10.2432,2016-09-13 11:19:36,Patch
Patch 0.1.10.2429,2016-09-11 22:32:35,Patch
Patch 0.1.10.2417,2016-09-10 04:59:56,Patch
Patch 0.1.10.2410,2016-09-09 07:04:42,Patch
Patch 0.1.10.2397,2016-09-08 11:38:28,Patch
Patch 0.1.10.2396,2016-09-08 10:58:30,Patch
Patch 0.1.10.2387,2016-09-07 08:39:34,Patch
Patch 0.1.10.2382,2016-09-06 12:47:50,Patch
Patch 0.1.10.2371,2016-09-06 11:32:37,Patch
Patch 0.1.10.2365,2016-09-05 00:16:15,Patch
Patch 0.1.10.2357,2016-09-03 23:55:38,Patch
Patch 0.1.10.2349,2016-09-03 02:48:43,Patch
Patch 0.1.10.2327,2016-09-02 02:59:19,Patch
Patch 0.1.10.2323,2016-09-01 22:50:55,Patch
Patch 0.1.10.2311,2016-08-31 18:17:57,Patch
Patch 0.1.10.2284,2016-08-29 20:36:18,Patch
Patch 0.1.10.2279,2016-08-29 13:26:09,Patch
Patch 0.1.10.2274,2016-08-28 23:10:36,Patch
Patch 0.1.10.2260,2016-08-25 18:55:39,Patch
Patch 0.1.10.2248,2016-08-25 16:31:22,Patch
Patch 0.1.10.2247,2016-08-25 07:54:02,Patch
Patch 0.1.10.2245,2016-08-24 10:29:57,Patch
Patch 0.1.10.2240,2016-08-23 03:30:11,Patch
Patch 0.1.10.2234,2016-08-22 09:00:28,Patch
Patch 0.1.10.2228,2016-08-22 04:16:06,Patch
Patch 0.1.10.2222,2016-08-20 02:03:26,Patch
Patch 0.1.10.2218,2016-08-19 09:20:02,Patch
Patch 0.1.10.2210,2016-08-15 13:30:34,Patch
Patch 0.1.10.2203,2016-08-14 16:56:16,Patch
Patch 0.1.10.2195,2016-08-12 16:18:15,Patch
Patch 0.1.10.2177,2016-08-12 09:39:45,Patch
Patch 0.1.9.2171,2016-08-11 10:35:07,Patch
Patch 0.1.9.2166 (Dev Branch),2016-08-10 10:24:20,Patch
Patch 0.1.9.2157,2016-08-08 08:07:34,Patch
Patch 0.1.9.2143 (Dev Branch),2016-08-06 13:32:32,Patch
Patch 0.1.9.2139,2016-08-04 03:16:36,Patch
Patch 0.1.9.2123,2016-07-31 06:49:21,Patch
Patch 0.1.9.2117 (Dev Branch),2016-07-31 04:37:31,Patch
Patch 0.1.9.2118,2016-07-31 03:03:10,Patch
Patch 0.1.9.2106,2016-07-28 23:06:17,Patch
Patch 0.1.9.2094,2016-07-27 19:10:43,Patch
Patch 0.1.9.2080,2016-07-27 03:34:24,Patch
Patch 0.1.9.2078,2016-07-26 21:42:06,Patch
Patch 0.1.9.2072,2016-07-26 15:05:36,Patch
Patch 0.1.9.2070,2016-07-26 14:54:41,Patch
Patch 0.1.9.2053,2016-07-25 23:21:30,Patch
Patch 0.1.9.2052,2016-07-25 22:11:50,Patch
Patch 0.1.9.2047,2016-07-25 21:09:50,Patch
Patch 0.1.9.2046,2016-07-25 14:34:07,Patch
Patch 0.1.9.2043,2016-07-24 22:22:05,Patch
Patch 0.1.9.2042,2016-07-24 19:03:54,Patch
Patch 0.1.9.2040,2016-07-24 16:21:13,Patch
Patch 0.1.9.2040,2016-07-24 16:21:09,Patch
Patch 0.1.9.2040,2016-07-24 16:21:00,Patch
Patch 0.1.9.2038,2016-07-23 22:08:41,Patch
Patch 0.1.9.2037,2016-07-23 21:39:10,Patch
Patch 0.1.9.2027 (Dev Branch),2016-07-23 17:11:58,Patch
Patch 0.1.9.2021,2016-07-23 12:20:29,Patch
Patch 0.1.9.2016,2016-07-21 10:57:15,Patch
Patch 0.1.9.2009,2016-07-21 08:53:32,Patch
Patch 0.1.9.2007,2016-07-21 06:45:26,Patch
Patch 0.1.9.1997,2016-07-20 13:41:26,Patch
Patch 0.1.9.1997,2016-07-20 12:49:32,Patch
Patch 0.1.9.1986,2016-07-19 16:39:44,Patch
Patch 0.1.9.1981,2016-07-17 08:48:45,Patch
Patch 0.1.9.1977 (Dev Branch),2016-07-16 09:28:38,Patch
Patch 0.1.9.1966 (Dev Branch),2016-07-14 03:47:01,Patch
New Public Patch Testing,2016-07-05 11:56:45,Patch
Patch 0.1.9.1937 (Dev Branch),2016-07-05 10:29:05,Patch
Patch 0.1.9.1885,2016-06-16 11:56:43,Patch
Patch 0.1.9.1878,2016-06-15 09:07:08,Patch
Patch 0.1.9.1874,2016-06-14 11:43:39,Patch
Patch 0.1.9.1871,2016-06-13 16:04:43,Patch
Patch 0.1.9.1867,2016-06-13 14:35:09,Patch
Patch 0.1.9.1863,2016-06-13 13:24:27,Patch
Patch 0.1.9.1861,2016-06-12 09:02:34,Patch
Patch 0.1.9.1848,2016-06-10 12:43:36,Patch
Patch 0.1.9.1847,2016-06-10 11:35:33,Patch
Patch 0.1.9.1842,2016-06-10 05:40:24,Patch
Patch 0.1.9.1837,2016-06-10 03:20:34,Patch
Patch 0.1.9.1835,2016-06-09 03:16:56,Patch
Patch 0.1.9.1830,2016-06-08 09:33:34,Patch
Patch 0.1.9.1827,2016-06-08 03:18:18,Patch
Patch 0.1.9.1821,2016-06-07 03:21:13,Patch
Patch 0.1.9.1811,2016-06-02 16:48:23,Patch
Patch 0.1.9.1801,2016-06-01 15:40:47,Patch
Patch Rollback,2016-05-31 19:33:14,Patch
Patch 0.1.9.1795,2016-05-31 09:02:54,Patch
BattlEye Support for Next Patch,2016-05-30 16:06:12,Patch
Patch 0.1.8.1767,2016-05-28 12:27:53,Patch
Patch 0.1.8.1767,2016-05-28 11:32:11,Patch
Patch 0.1.8.1756,2016-05-27 10:46:26,Patch
Patch 0.1.8.1740,2016-05-25 11:49:56,Patch
Patch 0.1.7.1732,2016-05-25 01:29:07,Patch
Patch 0.1.7.1726,2016-05-24 07:30:47,Patch
Patch 0.1.7.1714,2016-05-23 02:45:12,Patch
Patch 0.1.7.1710,2016-05-22 10:28:22,Patch
Patch 0.1.6.1702,2016-05-21 10:08:12,Patch
Patch 0.1.6.1694,2016-05-21 05:27:46,Patch
Patch 0.1.6.1691,2016-05-20 19:02:19,Patch
Patch 0.1.6.1683,2016-05-18 12:15:46,Patch
Patch 0.1.5.1678,2016-05-17 19:05:43,Patch
Patch 0.1.5.1670,2016-05-17 14:03:18,Patch
Patch 0.1.5.1659,2016-05-16 15:11:16,Patch
Patch 0.1.5.1663,2016-05-16 13:51:05,Patch
Patch 0.1.4.1655,2016-05-16 12:44:02,Patch
Patch 0.1.4.1649,2016-05-15 13:30:25,Patch
Patch 0.1.4.1635,2016-05-12 09:30:46,Patch
Patch 0.1.4.1626,2016-05-11 11:48:38,Patch
Patch 0.1.3.1614,2016-05-11 05:14:01,Patch
Patch 0.1.3.1607,2016-05-10 17:23:12,Patch
Patch 0.1.3.1602,2016-05-10 11:52:15,Patch
Patch 0.1.3.1600,2016-05-09 09:05:13,Patch
Patch 0.1.2.1584,2016-05-05 08:52:22,Patch
Patch 0.1.2.1575,2016-05-05 05:56:17,Patch
Patch 0.1.2.1570,2016-05-05 05:25:25,Patch
Patch 0.1.2.1560,2016-05-03 18:44:34,Patch
Patch 0.1.2.1542,2016-04-30 09:26:09,Patch
Patch 0.1.2.1539,2016-04-28 17:41:29,Patch
Patch 0.1.1.1535,2016-04-28 10:43:20,Patch
Patch 0.1.1.1531,2016-04-27 17:16:09,Patch
Patch 0.1.0.1338,2016-04-12 12:39:25,Patch
Patch 0.1.0.1329,2016-04-10 17:37:33,Patch
Patch 0.1.0.1327,2016-04-10 06:47:26,Patch
Patch 0.1.0.1317,2016-04-09 15:44:39,Patch
Patch 0.1.0.1309,2016-04-09 12:29:00,Patch
Patch 0.1.0.1302,2016-04-09 06:51:42,Patch
Patch 0.1.0.1293 (Dev Branch),2016-04-07 13:03:28,Patch
Patch 0.0.0.99,2016-04-06 10:22:31,Patch
Patch 0.0.0.98,2016-04-05 15:20:49,Patch
Patch 0.0.0.97,2016-04-05 12:05:24,Patch
Patch 0.0.0.96,2016-04-04 13:20:57,Patch
Patch 0.0.0.95 (Dev Branch),2016-04-04 07:44:35,Patch
Patch 0.0.0.93 / 94 (Dev Branch),2016-04-03 13:35:51,Patch
Patch 0.0.0.92 (Dev Branch),2016-04-03 10:03:50,Patch
Patch 0.0.0.91 (Dev Branch),2016-04-03 00:55:27,Patch
Patch 0.0.0.90,2016-03-30 00:34:47,Patch
Patch 0.0.0.89,2016-03-25 09:22:07,Patch
Patch 0.0.0.88,2016-03-23 18:30:57,Patch
Patch 0.0.0.87,2016-03-20 14:29:02,Patch
Patch 0.0.0.86,2016-03-19 07:58:23,Patch
Patch 0.0.0.85,2016-03-19 05:26:19,Patch
Patch 0.0.0.84,2016-03-18 03:09:36,Patch
Patch 0.0.0.83,2016-03-17 15:05:23,Patch
Patch 0.0.0.82 ( Dev Branch ),2016-03-17 13:48:14,Patch
Patch 0.0.0.81 ( Dev Branch ),2016-03-17 10:35:38,Patch
Patch 0.0.0.80 ( Dev Branch ),2016-03-15 15:07:42,Patch
Patch 0.0.0.79 ( Dev Branch ),2016-03-15 13:32:00,Patch
Patch 0.0.0.78 ( Dev Branch ),2016-03-14 06:02:21,Patch
Patch 0.0.0.77,2016-03-10 19:03:12,Patch
Patch 0.0.0.76,2016-03-09 19:43:02,Patch
Patch 0.0.0.75,2016-03-07 12:41:51,Patch
Patch 0.0.0.74,2016-03-01 13:11:50,Patch
Patch 0.0.0.73,2016-03-01 08:46:53,Patch
Patch 0.0.0.72,2016-02-25 03:48:34,Patch
Patch 0.0.0.71,2016-02-22 02:25:50,Patch
Patch 0.0.0.70,2016-02-21 20:31:08,Patch
Patch 0.0.0.69,2016-02-19 22:37:50,Patch
Patch 0.0.0.68,2016-02-19 15:08:14,Patch
Patch 0.0.0.67 (Dev Branch),2016-02-18 14:52:05,Patch
Patch 0.0.0.66,2016-02-17 19:19:33,Patch
Patch 0.0.0.65,2016-02-17 12:09:01,Patch
Patch 0.0.0.64,2016-02-16 15:22:02,Patch
Patch 0.0.0.63,2016-02-15 17:46:51,Patch
Patch 0.0.0.62,2016-02-15 16:04:20,Patch
Patch 0.0.0.61,2016-02-15 10:58:18,Patch
Patch 0.0.0.60,2016-02-14 12:35:59,Patch
Patch 0.0.0.59,2016-02-14 07:24:57,Patch
Patch 0.0.0.58,2016-02-12 14:53:20,Patch
Patch 0.0.0.57,2016-02-12 13:23:53,Patch
Patch 0.0.0.56,2016-02-12 07:33:18,Patch
Patch 0.0.0.55,2016-02-12 03:34:55,Patch
Patch 0.0.0.54,2016-02-10 16:14:52,Patch
Patch 0.0.0.53,2016-02-10 15:30:57,Patch
Patch 0.0.0.52,2016-02-09 12:19:09,Patch
Patch 0.0.0.51,2016-02-09 09:29:45,Patch
Patch 0.0.0.50,2016-02-08 22:19:44,Patch
Patch 0.0.0.49,2016-02-08 10:05:42,Patch
Patch 0.0.0.48,2016-02-07 21:37:35,Patch
Patch 0.0.0.47,2016-02-07 07:45:21,Patch
Patch 0.0.0.46 ( Dev Branch ),2016-02-06 09:06:40,Patch
Patch 0.0.0.45 ( Dev Branch ),2016-02-06 07:54:58,Patch
Patch 0.0.0.44 ( Dev Branch ),2016-02-06 02:49:40,Patch
Patch 0.0.0.43 ( Dev Branch ),2016-02-04 22:21:08,Patch
Patch 0.0.0.42,2016-01-31 14:07:44,Patch
Patch 0.0.0.41,2016-01-30 14:12:46,Patch
Patch 0.0.0.40,2016-01-28 16:45:26,Patch
Patch 0.0.0.39,2016-01-27 14:08:20,Patch
Patch 0.0.0.38,2016-01-27 10:05:59,Patch
Patch 0.0.0.37,2016-01-18 05:32:08,Patch
Patch 0.0.0.36,2016-01-17 21:13:17,Patch
Patch 0.0.0.35,2016-01-15 18:06:29,Patch
Patch 0.0.0.34,2016-01-12 11:36:51,Patch
Patch 0.0.0.33,2016-01-11 19:54:16,Patch
Patch 0.0.0.32,2016-01-11 19:53:35,Patch
Patch 0.0.0.31,2016-01-10 20:02:17,Patch
Patch 0.0.0.30,2016-01-10 18:16:09,Patch
Patch 0.0.0.29,2016-01-09 19:33:26,Patch
Patch 0.0.0.28,2016-01-09 17:24:35,Patch
Patch 0.0.0.27,2016-01-05 15:12:15,Patch
Patch 0.0.0.26,2016-01-05 11:01:02,Patch
Patch 0.0.0.25,2016-01-03 03:56:50,Patch
Patch 0.0.0.24,2016-01-02 13:27:21,Patch
Patch 0.0.0.23,2016-01-02 13:15:40,Patch
Patch 0.0.0.22,2015-12-29 21:30:57,Patch
Patch 0.0.0.21,2015-12-29 01:43:38,Patch
Patch 0.0.0.20,2015-12-17 13:02:03,Patch
Patch 0.0.0.19,2015-12-17 03:36:14,Patch
Patch 0.0.0.18,2015-12-13 02:19:09,Patch
Patch 0.0.0.17,2015-12-13 01:54:22,Patch
Patch 0.0.0.16,2015-12-12 01:49:56,Patch
Patch 0.0.0.15,2015-12-10 01:50:43,Patch
Patch 0.0.0.14,2015-12-09 07:13:24,Patch
Patch 0.0.0.13,2015-12-08 07:32:06,Patch
Patch 0.0.0.12,2015-12-08 04:01:44,Patch
Patch 0.0.0.11,2015-12-07 06:47:45,Patch
Patch 0.0.0.10,2015-12-07 03:28:05,Patch
Patch 0.0.0.9,2015-12-05 02:23:23,Patch
Patch 0.0.0.8,2015-12-04 23:04:31,Patch
Patch 0.0.0.7,2015-12-04 18:44:37,Patch
Patch 0.0.0.6,2015-12-03 23:46:55,Patch
Patch 0.0.0.5,2015-12-03 16:53:02,Patch
Patch 0.0.0.4,2015-12-03 11:21:51,Patch
Patch 0.0.0.3,2015-12-02 23:03:43,Patch
Patch 0.0.0.2,2015-12-02 18:41:54,Patch
Patch 0.0.0.1,2015-12-02 09:24:14,Patch
DevBlog #49,2024-06-29 01:17:47,DevBlog
DevBlog #48,2024-06-01 01:36:29,DevBlog
DevBlog #47,2024-05-01 05:35:08,DevBlog
DevBlog #46,2024-03-30 06:40:54,DevBlog
DevBlog #45,2024-03-01 08:36:13,DevBlog
DevBlog #44,2024-02-01 04:14:53,DevBlog
DevBlog #43,2023-12-01 06:51:30,DevBlog
DevBlog #42,2023-11-01 02:09:20,DevBlog
DevBlog #41,2023-09-30 05:42:52,DevBlog
DevBlog #40,2023-09-01 01:37:59,DevBlog
DevBlog #39,2023-08-01 07:00:52,DevBlog
DevBlog #38,2023-07-01 04:39:47,DevBlog
DevBlog #37,2023-06-01 05:31:33,DevBlog
DevBlog #36,2023-04-29 06:49:08,DevBlog
DevBlog #35,2023-04-01 03:35:41,DevBlog
DevBlog #34,2023-03-01 06:42:00,DevBlog
DevBlog #33,2023-02-01 06:39:29,DevBlog
DevBlog #32,2022-12-30 17:49:21,DevBlog
DevBlog #31,2022-12-01 02:22:09,DevBlog
DevBlog #30: Happy Halloween!,2022-11-01 05:17:41,DevBlog
DevBlog #29,2022-10-01 02:44:17,DevBlog
DevBlog #28,2022-09-01 04:04:56,DevBlog
DevBlog #27,2022-07-30 00:39:58,DevBlog
DevBlog #26,2022-07-01 05:00:48,DevBlog
DevBlog #25,2022-06-01 02:24:57,DevBlog
DevBlog #24: #TeamFoszor,2022-04-30 05:53:14,DevBlog
DevBlog #23,2022-04-01 03:13:43,DevBlog
DevBlog #22,2022-03-01 03:08:57,DevBlog
DevBlog #21,2022-02-01 04:10:42,DevBlog
DevBlog #20,2021-12-18 06:32:26,DevBlog
DevBlog #19,2021-12-01 06:15:11,DevBlog
DevBlog #18: Happy Halloween!,2021-10-30 04:33:16,DevBlog
DevBlog #17,2021-10-01 03:24:31,DevBlog
DevBlog #16: Field Observations,2021-08-28 03:29:49,DevBlog
DevBlog #15,2021-07-30 23:19:19,DevBlog
DevBlog #14: Building Up,2021-07-01 02:02:01,DevBlog
DevBlog #13: Onwards,2021-05-29 07:04:46,DevBlog
"DevBlog #12: New Heights, New Depths",2021-05-01 01:22:11,DevBlog
DevBlog #11: Soaring Ahead,2021-03-31 23:17:41,DevBlog
DevBlog #10: Traversing New Depths,2021-02-27 03:30:53,DevBlog
DevBlog #8: Happy Holidays!,2020-12-19 08:44:40,DevBlog
Isle DevBlog #7 Spittin' it out there.,2020-12-01 04:24:52,DevBlog
DevBlog #6 & Roadmap Additions,2020-10-31 03:43:42,DevBlog
Isle DevBlog #3: Now with less Animal Instant Transmission,2020-07-14 22:45:16,DevBlog
